epoch,Train_loss,Test_loss,Train_f1_score,Train_auroc,Test_f1_score,Test_auroc
1,0.15259160101413727,0.14947839081287384,0.7921154928174649,0.9634464491208049,0.7478565056899459,0.8985997441560805
2,0.09725820273160934,0.10853271186351776,0.8424159878032216,0.9654958364393423,0.7389035078456577,0.8961122498782895
3,0.07547857612371445,0.07970765233039856,0.8470805644032885,0.9692878269301018,0.7403771984224,0.8988902579883338
